{"cameraMode":{"drawMode":0,"name":"Shaded","section":"Shading Mode"},"sceneLighting":true,"audioPlay":false,"sceneViewState":{"m_AlwaysRefresh":false,"showFog":true,"showSkybox":true,"showFlares":true,"showImageEffects":true,"showParticleSystems":true,"showVisualEffectGraphs":true,"m_FxEnabled":true},"in2DMode":false,"pivot":{"x":-1.1279157400131226,"y":1.2006824016571046,"z":-1.4622052907943726},"rotation":{"x":0.15779420733451844,"y":0.36889398097991946,"z":-0.0637030303478241,"w":0.9137616753578186},"size":3.3972647190093996,"orthographic":true}